City,Lat,Lng,Max Temp,Humidity,Cloudiness,Wind Speed,Country,Date
maple creek,49.9168,-109.4848,-2.15,71,100,9.22,CA,1643743772
itacoatiara,-3.1431,-58.4442,85.15,68,91,4.56,BR,1643743772
santa rosa,14.3122,121.1114,76.86,75,25,10.18,PH,1643743188
rikitea,-23.1203,-134.9692,78.04,70,100,7.25,PF,1643743772
poopo,-18.3667,-66.9667,54.37,59,62,4.54,BO,1643743773
saldanha,-33.0117,17.9442,68.05,95,22,8.34,ZA,1643743664
whitehorse,60.7161,-135.0538,-16.91,75,20,3.44,CA,1643743773
victoria,22.2855,114.1577,60.94,90,100,8.99,HK,1643743558
norman wells,65.282,-126.8329,-16.56,69,75,3.44,CA,1643743773
srednekolymsk,67.45,153.6833,-21.89,98,89,2.1,RU,1643743774
san patricio,28.017,-97.5169,73.18,56,4,3.65,US,1643743576
ushuaia,-54.8,-68.3,47.82,81,75,31.07,AR,1643743774
punta arenas,-53.15,-70.9167,53.62,50,40,37.98,CL,1643743497
hobart,-42.8794,147.3294,51.66,59,20,1.99,AU,1643743774
tasiilaq,65.6145,-37.6368,10.56,70,100,5.93,GL,1643743774
bartica,6.4,-58.6167,86.32,79,96,4.54,GY,1643743775
mataura,-46.1927,168.8643,65.25,69,100,5.59,NZ,1643743775
mahebourg,-20.4081,57.7,80.89,89,75,18.41,MU,1643743504
ippy,6.2679,21.2247,80.2,20,6,2.93,CF,1643743775
chokurdakh,70.6333,147.9167,-21.51,98,100,1.59,RU,1643743776
pevek,69.7008,170.3133,-13.14,89,97,2.8,RU,1643743507
ribeira grande,38.5167,-28.7,61.2,72,20,12.66,PT,1643743776
torbay,47.6666,-52.7314,27.57,55,75,19.57,CA,1643743776
nikolskoye,59.7035,30.7861,24.69,99,100,2.42,RU,1643743776
luanda,-8.8368,13.2343,78.8,69,0,8.05,AO,1643743744
puerto maldonado,-12.6,-69.1833,73.8,94,75,5.75,PE,1643743777
kamiiso,41.8167,140.65,20.61,94,56,4.92,JP,1643743777
el alto,-4.2714,-81.2147,87.46,64,17,17.94,PE,1643743777
souillac,-20.5167,57.5167,80.98,89,75,18.41,MU,1643743778
bredasdorp,-34.5322,20.0403,76.3,73,1,2.86,ZA,1643743552
kvarkeno,52.0833,59.725,19.71,84,98,13.24,RU,1643743778
providencia,28.7167,-111.5833,71.2,35,100,10.33,MX,1643743778
caravelas,-17.7125,-39.2481,84.47,66,100,10.36,BR,1643743778
klaksvik,62.2266,-6.589,31.12,79,100,15.39,FO,1643743779
lengshuitan,26.4111,111.5956,39.2,93,100,5.35,CN,1643743779
arroyo,41.6096,-4.7969,44.73,74,0,12.66,ES,1643743779
callaway,30.153,-85.5699,69.19,48,0,8.01,US,1643743779
vaini,-21.2,-175.2,80.76,83,40,10.63,TO,1643743780
muli,2.9167,73.5667,82.98,76,20,15.99,MV,1643743780
cape town,-33.9258,18.4232,72.12,75,20,1.01,ZA,1643743621
albany,42.6001,-73.9662,36.81,50,24,4,US,1643743603
sur,22.5667,59.5289,73.53,71,3,6.55,OM,1643743780
grindavik,63.8424,-22.4338,37.87,56,75,18.41,IS,1643743781
cidreira,-30.1811,-50.2056,75.13,64,12,9.22,BR,1643743841
saint-philippe,-21.3585,55.7679,80.15,91,95,21.52,RE,1643743841
thompson,55.7435,-97.8558,-14.64,64,20,11.5,CA,1643743835
novoagansk,61.9449,76.6625,-2.83,100,94,4.94,RU,1643743842
dingle,10.9995,122.6711,73.17,95,92,7.61,PH,1643743842
hohhot,40.8106,111.6522,-3.71,71,0,4.47,CN,1643743842
honningsvag,70.9821,25.9704,22.75,54,0,19.57,NO,1643743842
jeremie,18.65,-74.1167,78.26,76,28,5.79,HT,1643743843
bhubaneswar,20.2333,85.8333,70.02,100,6,4.61,IN,1643743843
visnes,59.3556,5.2242,44.49,75,75,37.98,NO,1643743843
ponta do sol,32.6667,-17.1,66,72,22,11.25,PT,1643743844
hithadhoo,-0.6,73.0833,82.54,72,5,11.34,MV,1643743844
bluff,-46.6,168.3333,68.81,74,100,13.04,NZ,1643743841
zakamensk,50.3741,103.2863,-9.42,95,72,3.65,RU,1643743844
shingu,33.7333,135.9833,41.92,66,3,9.82,JP,1643743809
katsuura,35.1333,140.3,39.31,45,78,14.25,JP,1643743586
avarua,-21.2078,-159.775,80.65,78,20,11.5,CK,1643743823
hermanus,-34.4187,19.2345,71.91,84,26,1.05,ZA,1643743807
constitucion,-35.3333,-72.4167,68.13,62,7,7.63,CL,1643743556
arraial do cabo,-22.9661,-42.0278,80.56,83,75,13.8,BR,1643743845
christchurch,-43.5333,172.6333,73.6,65,100,1.01,NZ,1643743662
atuona,-9.8,-139.0333,78.57,73,24,22.53,PF,1643743845
talnakh,69.4865,88.3972,4.21,95,100,8.93,RU,1643743845
visby,57.6409,18.296,31.05,93,75,12.66,SE,1643743802
bubaque,11.2833,-15.8333,78.91,76,3,13.89,GW,1643743846
ust-omchug,61.15,149.6333,-16.4,99,84,5.53,RU,1643743846
calvia,39.5657,2.5062,53.92,55,0,15.97,ES,1643743846
castro,-24.7911,-50.0119,78.55,60,4,4.79,BR,1643743846
groningen,53.25,6.75,48.27,82,40,8.01,NL,1643743620
hilo,19.7297,-155.09,76.62,91,42,4,US,1643743833
kapaa,22.0752,-159.319,73.72,78,20,1.99,US,1643743847
lebu,-37.6167,-73.65,65.07,73,0,12.55,CL,1643743847
hofn,64.2539,-15.2082,23.86,59,15,7.85,IS,1643743847
nome,64.5011,-165.4064,21.27,53,0,24.16,US,1643743719
shaowu,27.3409,117.4831,45.01,99,100,1.03,CN,1643743848
vigrestad,58.5667,5.7,44.28,80,32,30.94,NO,1643743849
geraldton,-28.7667,114.6,84.61,26,8,19.57,AU,1643743583
bagotville,-28.9833,153.4167,76.82,97,100,4.88,AU,1643743849
muisne,0.6,-80.0333,80.71,77,68,9.13,EC,1643743849
mar del plata,-38.0023,-57.5575,84.87,44,0,18.99,AR,1643743649
busselton,-33.65,115.3333,61.05,66,29,18.72,AU,1643743803
jacqueville,5.2052,-4.4146,82.31,82,96,11.5,CI,1643743850
pochutla,15.7432,-96.4661,87.82,41,1,12.73,MX,1643743850
butaritari,3.0707,172.7902,81.5,75,73,10.94,KI,1643743850
leningradskiy,69.3833,178.4167,-11.51,94,44,11.45,RU,1643743815
baiyin,36.5583,104.2081,9.48,41,89,0.31,CN,1643743910
makubetsu,45.3714,141.8211,24.8,77,100,13.18,JP,1643743911
yerbogachen,61.2767,108.0108,-29.79,100,50,1.83,RU,1643743911
qaanaaq,77.484,-69.3632,-17.55,79,100,10.29,GL,1643743573
san jose,37.3394,-121.895,59.07,35,0,11.01,US,1643743625
vao,-22.6667,167.4833,77.58,82,18,14.74,NC,1643743912
atkinson,42.8384,-71.147,34.02,73,100,1.99,US,1643743912
airai,-8.9266,125.4092,59.4,83,89,3.2,TL,1643743912
batagay,67.6333,134.6333,-20.25,99,100,0.81,RU,1643743913
palmer,42.1584,-72.3287,36.03,58,75,1.01,US,1643743913
port alfred,-33.5906,26.891,77.49,82,100,9.37,ZA,1643743824
camopi,3.1655,-52.3158,77.32,95,65,4.52,GF,1643743913
bandarbeyla,9.4942,50.8122,76.48,75,74,15.39,SO,1643743913
tuktoyaktuk,69.4541,-133.0374,-22,69,20,5.75,CA,1643743805
laguna,38.421,-121.4238,61.02,33,0,11.99,US,1643743914
cabo san lucas,22.8909,-109.9124,76.6,58,0,3,MX,1643743914
ozernovskiy,51.5,156.5167,26.89,76,100,6.4,RU,1643743914
yellowknife,62.456,-114.3525,-21.71,73,0,10.36,CA,1643743915
mehamn,71.0357,27.8492,23.18,82,24,10.47,NO,1643743841
iquique,-20.2208,-70.1431,75.24,67,14,8.37,CL,1643743823
fortuna,40.5982,-124.1573,50.94,58,0,4,US,1643743915
sitka,57.0531,-135.33,31.89,80,75,3.44,US,1643743915
husavik,66.0449,-17.3389,10.31,80,34,14,IS,1643743916
new norfolk,-42.7826,147.0587,51.3,58,8,1.01,AU,1643743916
le moule,16.3332,-61.3473,84.24,100,1,5.99,GP,1643743916
los llanos de aridane,28.6585,-17.9182,62.35,77,75,0,ES,1643743917
ilulissat,69.2167,-51.1,3.22,51,75,9.22,GL,1643743822
severo-kurilsk,50.6789,156.125,26.8,79,76,10.47,RU,1643743917
grand gaube,-20.0064,57.6608,81,83,100,11.99,MU,1643743917
aykhal,66,111.5,-23.35,100,11,3.22,RU,1643743828
cherskiy,68.75,161.3,-5.49,80,92,4.32,RU,1643743917
sao joao da barra,-21.6403,-41.0511,91.49,82,92,5.08,BR,1643743918
flinders,-34.5833,150.8552,71.8,89,100,11.01,AU,1643743866
faanui,-16.4833,-151.75,80.46,76,3,19.91,PF,1643743918
pemba,-12.974,40.5178,83.1,83,20,5.75,MZ,1643743918
hamilton,39.1834,-84.5333,60.24,37,0,11.5,US,1643743919
upernavik,72.7868,-56.1549,-16.33,75,100,6.26,GL,1643743822
zaysan,47.4667,84.8667,2.14,93,86,3.06,KZ,1643743919
ahipara,-35.1667,173.1667,70.48,83,100,15.64,NZ,1643743919
puerto ayora,-0.7393,-90.3518,84.16,77,81,7.52,EC,1643743832
port lavaca,28.615,-96.6261,71.1,74,100,3.44,US,1643743758
carnarvon,-24.8667,113.6333,77.07,83,100,18.41,AU,1643743920
muros,42.7762,-9.0603,56.08,68,0,13.33,ES,1643743903
mount gambier,-37.8333,140.7667,48.11,71,29,8.05,AU,1643743903
flin flon,54.7682,-101.865,-11.36,58,20,12.66,CA,1643743808
girne,35.3417,33.3167,56.28,69,74,5.23,CY,1643743980
east london,-33.0153,27.9116,76.1,89,100,6.4,ZA,1643743840
inhambane,-23.865,35.3833,77.65,75,0,9.08,MZ,1643743981
leh,34.1667,77.5833,-5.98,80,52,3.02,IN,1643743981
coquimbo,-29.9533,-71.3436,69.53,60,0,11.5,CL,1643743889
zaoyang,32.1272,112.7542,37.26,49,100,4.54,CN,1643743981
egvekinot,66.3167,-179.1667,-3.75,78,98,16.4,RU,1643743981
korla,41.7597,86.1469,23.54,45,33,2.04,CN,1643743982
kodiak,57.79,-152.4072,38.71,93,100,13.8,US,1643743982
pisco,-13.7,-76.2167,78.85,57,0,14.97,PE,1643743983
coihaique,-45.5752,-72.0662,68.61,40,75,11.5,CL,1643743825
georgetown,5.4112,100.3354,82.89,84,20,3.44,MY,1643743753
sandpoint,48.2766,-116.5533,30.61,83,75,5.01,US,1643743983
kolosovka,56.4678,73.611,17.62,96,100,6.44,RU,1643743983
gat,31.61,34.7642,51.4,100,0,5.12,IL,1643743984
quatre cocos,-20.2078,57.7625,80.71,91,100,29.28,MU,1643743984
den helder,52.9599,4.7593,49.01,79,100,21,NL,1643743714
summerville,33.0185,-80.1757,62.89,40,0,1.01,US,1643743802
taber,49.8167,-112.1518,3.07,78,100,6.91,CA,1643743984
tura,25.5198,90.2201,52.38,75,3,4.47,IN,1643743985
novobiryusinskiy,56.9578,97.7076,-10.23,100,80,1.23,RU,1643743985
atzitzintla,18.9,-97.3167,63.5,38,26,8.05,MX,1643743985
sabzevar,36.2126,57.6819,37.38,93,100,9.93,IR,1643743986
kaeo,-35.1,173.7833,71.33,89,100,13.42,NZ,1643743986
lompoc,34.6391,-120.4579,65.08,38,0,11.5,US,1643743981
saint anthony,45.0205,-93.218,19.6,65,75,7,US,1643743986
mahibadhoo,3.7833,72.9667,82.24,78,87,15.84,MV,1643743987
taunggyi,20.7833,97.0333,44.28,55,6,3.91,MM,1643743987
tokur,53.1333,132.9,-26.84,100,37,2.46,RU,1643743987
chumikan,54.7183,135.315,-9.42,87,19,13.38,RU,1643743987
shimanovsk,52,127.7,-7.69,91,12,7.45,RU,1643743988
port hardy,50.6996,-127.4199,41.18,87,100,2.3,CA,1643743988
la victoria,10.2184,-67.3302,87.89,31,9,1.61,VE,1643743988
karratha,-20.7377,116.8463,83.98,72,88,7.09,AU,1643743989
bambanglipuro,-7.95,110.2833,62.6,87,87,4.12,ID,1643743989
nelson bay,-32.7167,152.15,74.08,93,100,6.58,AU,1643743989
guerrero negro,27.9769,-114.0611,64.35,57,100,12.71,MX,1643743839
dori,14.0354,-0.0345,72.77,7,94,9.71,BF,1643743990
kanodar,24.1,72.3833,62.98,53,0,1.99,IN,1643743990
kondoa,-4.9,35.7833,61.34,95,98,0.96,TZ,1643743990
jamestown,42.097,-79.2353,40.59,51,0,16.11,US,1643743862
codrington,-38.2667,141.9667,55.24,56,51,11.99,AU,1643743991
betsiamites,48.9413,-68.646,10.29,86,100,3.4,CA,1643743991
coahuayana,18.7333,-103.6833,85.48,36,0,7.11,MX,1643743991
pangai,-19.8,-174.35,80.15,69,0,7.99,TO,1643744052
yar-sale,66.8333,70.8333,-16.71,99,69,6.49,RU,1643744052
poya,-21.35,165.15,77.94,81,43,4.34,NC,1643744052
bay roberts,47.5999,-53.2648,28.33,50,78,5.99,CA,1643744052
khatanga,71.9667,102.5,-35.86,99,21,3.15,RU,1643744053
okha,53.5739,142.9478,2.16,91,93,20.67,RU,1643744053
padampur,29.6833,73.6167,54.99,42,0,4.16,IN,1643743970
lasem,-6.6922,111.4527,76.78,90,66,4.83,ID,1643744053
san francisco,37.7749,-122.4194,60.44,29,0,4,US,1643744045
hukuntsi,-24,21.75,75.54,62,76,10.69,BW,1643744054
udachnyy,66.4167,112.4,-36.24,100,57,2.35,RU,1643744054
bijar,35.8668,47.6051,15.39,96,49,5.01,IR,1643744054
ostrovnoy,68.0531,39.5131,16.12,94,100,4.43,RU,1643744054
barrow,71.2906,-156.7887,-16.58,76,40,5.75,US,1643743663
vestmannaeyjar,63.4427,-20.2734,36.61,73,100,16.42,IS,1643744055
kaitangata,-46.2817,169.8464,61.41,91,100,3.65,NZ,1643744055
presidente olegario,-18.4178,-46.4181,75.18,79,100,4.03,BR,1643744055
bethel,41.3712,-73.414,36.48,60,40,3.44,US,1643744056
ugoofaaru,5.6667,73,82.45,76,5,16.78,MV,1643744056
quang ngai,15.1167,108.8,69.69,91,99,4.68,VN,1643744056
dikson,73.5069,80.5464,3.94,93,100,18.72,RU,1643744056
qaqortoq,60.7167,-46.0333,19.9,96,19,2.82,GL,1643744057
punta umbria,37.1821,-6.9661,57.24,45,0,4.09,ES,1643744057
chico,39.7285,-121.8375,57.67,34,0,4,US,1643743892
dhidhdhoo,6.8833,73.1,81.41,72,4,9.19,MV,1643744057
poum,-20.2333,164.0167,80.76,78,59,10.2,NC,1643744058
amga,60.8953,131.9608,-12.96,97,100,4.47,RU,1643744058
tiksi,71.6872,128.8694,-14.57,100,100,4.38,RU,1643744058
ulmu,44.95,27.3167,35.78,98,100,6.8,RO,1643744058
narsaq,60.9167,-46.05,19.62,89,63,3.38,GL,1643744059
tabou,4.423,-7.3528,79.66,80,100,6.49,CI,1643744059
baghmara,23.795,86.2085,61.83,51,0,5.99,IN,1643744059
kirakira,-10.4544,161.9205,79.61,84,88,3.98,SB,1643744060
karasburg,-28.0167,18.75,75.87,62,100,4.05,NA,1643744060
sabang,5.8933,95.3214,80.76,77,64,4.94,ID,1643744060
necochea,-38.5473,-58.7368,77.04,47,6,13.15,AR,1643744061
diffa,13.3154,12.6113,63.07,21,1,6.24,NE,1643744061
barabai,-2.5833,115.3833,74.41,88,97,1.52,ID,1643744061
montepuez,-13.1256,38.9997,70.88,92,61,3.49,MZ,1643744061
kavaratti,10.5669,72.642,80.1,70,3,9.24,IN,1643744062
maniitsoq,65.4167,-52.9,9.34,84,100,12.88,GL,1643744062
haines junction,60.7522,-137.5108,-36.45,67,97,2.3,CA,1643744062
ambilobe,-13.2,49.05,73.69,95,100,1.07,MG,1643744063
sangar,63.9242,127.4739,-30.78,98,100,2.55,RU,1643744063
mardin,37.3131,40.7436,35.02,79,18,0.85,TR,1643744063
tuatapere,-46.1333,167.6833,68.83,82,100,7.16,NZ,1643744063
saint-augustin,51.226,-58.6502,2.86,77,1,11.81,CA,1643744124
marawi,7.9986,124.2928,64.65,95,100,1.03,PH,1643744124
kindu,-2.95,25.95,71.46,86,100,1.28,CD,1643744124
cayenne,4.9333,-52.3333,75.24,92,100,1.99,GF,1643744125
te anau,-45.4167,167.7167,64.15,97,100,4.43,NZ,1643744125
nanortalik,60.1432,-45.2371,9.55,77,8,11.48,GL,1643744125
tezu,27.9167,96.1667,53.17,91,100,2.57,IN,1643744126
mahendragarh,28.2833,76.15,52.61,61,0,1.92,IN,1643744126
ziro,27.6333,93.8333,35.02,98,100,1.36,IN,1643744126
idaho falls,43.4666,-112.0341,16.86,86,100,4,US,1643744126
skibbereen,51.55,-9.2667,49.8,88,46,13.62,IE,1643744127
sapele,5.8941,5.6767,79.09,61,24,6.17,NG,1643744127
imbituba,-28.24,-48.6703,78.69,78,54,8.99,BR,1643744127
buin,-33.7333,-70.75,86.05,28,92,13.27,CL,1643744127
kichera,55.9375,110.0997,-11.88,88,56,4.7,RU,1643744128
pasni,25.2631,63.471,72.3,78,0,11.01,PK,1643744128
saskylakh,71.9167,114.0833,-28.08,100,51,1.74,RU,1643744128
suhbaatar,50.2314,106.2078,-12.39,99,100,2.91,MN,1643744128
novyy urengoy,66.0833,76.6333,-14.84,100,100,4.05,RU,1643744129
deputatskiy,69.3,139.9,-14.06,99,100,0.2,RU,1643744129
bousso,10.4795,16.7117,71.29,17,8,6.49,TD,1643744129
mandalgovi,45.7625,106.2708,-1.05,73,0,7.31,MN,1643744130
asau,46.4333,26.4,31.39,92,100,2.55,RO,1643744130
kerema,-7.9631,145.7785,77.34,77,99,1.57,PG,1643744130
karasjok,69.4719,25.5112,3.31,99,97,1.3,NO,1643744130
axim,4.8699,-2.2405,80.28,81,100,8.81,GH,1643744131
port elizabeth,-33.918,25.5701,80.89,65,0,3.44,ZA,1643744118
bo rai,12.5728,102.5371,83.86,95,29,0.92,TH,1643744131
kalat,29.0225,66.5916,46.67,34,0,9.35,PK,1643744131
caibarien,22.5206,-79.4669,78.12,64,100,20.38,CU,1643744131
kismayo,-0.3582,42.5454,78.71,86,100,14.07,SO,1643744132
ancud,-41.8697,-73.8203,68.23,79,100,8.72,CL,1643744051
berlevag,70.8578,29.0864,17.55,62,0,12.66,NO,1643744132
portland,45.5234,-122.6762,43.32,90,100,1.01,US,1643743962
bertoua,4.5833,13.6833,72.84,29,66,2.8,CM,1643744132
longyearbyen,78.2186,15.6401,22.84,63,40,4.61,SJ,1643744133
bambous virieux,-20.3428,57.7575,80.85,89,75,18.41,MU,1643744133
mitsamiouli,-11.3847,43.2844,82,73,100,0.67,KM,1643744133
san policarpo,12.1791,125.5072,77.92,85,100,10.87,PH,1643744134
huarmey,-10.0681,-78.1522,75.69,71,100,11.45,PE,1643744134
the valley,18.217,-63.0578,85.86,74,40,11.5,AI,1643744134
dunedin,-45.8742,170.5036,64.49,74,100,9.8,NZ,1643743915
lexington,37.9887,-84.4777,60.12,36,0,19.57,US,1643743918
wicklow,53,-6.4167,45.46,93,100,11.92,IE,1643744135
yuzhno-kurilsk,44.0306,145.8556,24.71,74,69,20.58,RU,1643744135
fort nelson,58.8053,-122.7002,-15.21,76,75,12.66,CA,1643744135
kavieng,-2.5744,150.7967,78.57,83,100,7.47,PG,1643744135
otane,-39.8833,176.6333,70.02,60,100,5.84,NZ,1643744136
sumbe,-11.2061,13.8437,75.67,78,100,6.93,AO,1643744136
ewa beach,21.3156,-158.0072,77.09,69,40,8.99,US,1643744196
durban,-29.8579,31.0292,78.93,91,100,3,ZA,1643744119
abu kamal,34.4506,40.9171,50.2,59,0,8.9,SY,1643744197
harnosand,62.6323,17.9379,10.4,89,100,9.93,SE,1643744197
ballina,-28.8667,153.5667,76.96,92,100,0,AU,1643744197
provideniya,64.3833,-173.3,9.01,65,5,24.05,RU,1643744197
novo aripuana,-5.1206,-60.3797,81.37,88,91,4.18,BR,1643744198
buritis,-15.6178,-46.4233,82.53,68,95,1.41,BR,1643744198
hasaki,35.7333,140.8333,28.8,48,0,20.62,JP,1643744198
taksimo,56.3444,114.8794,-17.7,96,91,1.99,RU,1643744198
boa vista,2.8197,-60.6733,91.38,43,75,12.66,BR,1643744199
pyaozerskiy,65.8333,31.1667,13.42,95,100,6.76,RU,1643744199
yulara,-25.2406,130.9889,67.84,100,100,10.36,AU,1643744126
lefka,35.1106,32.8506,54.88,69,48,8.21,CY,1643744199
camacha,33.0833,-16.3333,61.56,82,20,19.57,PT,1643744200
tessalit,20.1986,1.0114,69.82,16,100,10.09,ML,1643744200
cam ranh,11.9214,109.1591,73.36,83,20,4.61,VN,1643744200
krasnoselkup,65.7,82.4667,-5.75,100,85,7.58,RU,1643744200
khorramshahr,30.4397,48.1664,53.56,94,0,4.61,IR,1643744201
ylojarvi,61.5563,23.5961,8.94,83,100,1.14,FI,1643744201
bonfim,3.0833,-59.95,92.75,37,89,3.65,BR,1643744201
bulolo,-7.2,146.65,70.41,93,100,3.29,PG,1643744201
bagdarin,54.4333,113.6,-18.31,96,18,4.18,RU,1643744202
vila franca do campo,37.7167,-25.4333,60.19,78,93,10.74,PT,1643744202
esperance,-33.8667,121.9,60.64,67,52,16.24,AU,1643743970
nara,34.6851,135.8049,40.28,54,28,8.81,JP,1643744202
alta floresta,-9.8756,-56.0861,85.82,70,40,2.3,BR,1643744203
upington,-28.4478,21.2561,71.98,88,100,3.44,ZA,1643744203
vanimo,-2.6741,141.3028,76.55,85,100,5.91,PG,1643744203
pombas,17.1503,-25.0201,74.98,82,13,10,CV,1643744203
killybegs,54.6333,-8.45,49.71,95,100,22.08,IE,1643744204
aswan,24.0934,32.907,61.9,33,0,4.61,EG,1643744204
okhotsk,59.3833,143.3,-0.78,77,7,16.06,RU,1643744047
omboue,-1.5746,9.2618,78.64,88,56,6.46,GA,1643744204
svelgen,61.7685,5.2955,38.39,85,98,15.32,NO,1643744205
aurangabad,19.8833,75.3333,66.43,30,0,4.97,IN,1643744205
farah,32.5,62.5,47.14,66,99,4.09,AF,1643744205
auki,-8.7676,160.7034,79.29,87,96,6.02,SB,1643744205
broome,42.2506,-75.833,37.22,48,0,3,US,1643744206
san rafael,-34.6177,-68.3301,93.79,22,53,11.27,AR,1643744184
byron bay,-28.65,153.6167,80.55,86,100,3.6,AU,1643744206
cockburn town,21.4612,-71.1419,75.2,75,2,20.18,TC,1643744206
itoman,26.1247,127.6694,64.4,88,75,10.36,JP,1643744207
matanzas,23.0411,-81.5775,75.96,69,40,16.11,CU,1643744207
nemuro,43.3236,145.575,23.36,72,12,17.58,JP,1643744267
vadso,70.0744,29.7487,15.51,85,75,5.75,NO,1643744267
villa rica,33.7321,-84.9191,61.25,43,0,10.83,US,1643744268
bud,39.447,-86.1758,60.89,66,100,11.88,US,1643744268
barcelona,41.3888,2.159,59.85,55,20,1.01,ES,1643743783
keti bandar,24.1447,67.4497,71.56,74,0,8.88,PK,1643744268
bathsheba,13.2167,-59.5167,84.81,61,40,14.97,BB,1643744269
amuntai,-2.4177,115.2494,73.87,91,100,1.23,ID,1643744269
maragogi,-9.0122,-35.2225,82.04,71,16,8.21,BR,1643744269
kawalu,-7.3817,108.2082,73,94,100,2.8,ID,1643744269
nouadhibou,20.931,-17.0347,71.58,64,100,6.91,MR,1643744270
mgachi,51.05,142.2667,5.27,98,100,2.86,RU,1643744270
verkhnevilyuysk,63.4453,120.3167,-29.67,99,91,5.01,RU,1643744270
andenes,69.3143,16.1194,26.58,54,0,14.97,NO,1643744270
praia da vitoria,38.7333,-27.0667,59.76,82,40,12.33,PT,1643744271
atikokan,48.7555,-91.6216,12.47,89,100,17.09,CA,1643744196
kapuskasing,49.4169,-82.4331,32.09,74,100,20.71,CA,1643744155
kushiro,42.975,144.3747,16.11,85,12,4.79,JP,1643744271
umri,26.5106,78.9367,56.34,66,0,7.45,IN,1643744271
fort beaufort,-32.7748,26.6338,73.02,80,100,4,ZA,1643744272
bose,45.4612,8.0137,46.94,56,7,5.14,IT,1643744272
nova olinda do norte,-3.8881,-59.0942,82.78,82,89,3.8,BR,1643744272
jati,24.3539,68.2671,70.5,65,0,8.5,PK,1643744272
gandia,38.9667,-0.1833,55.9,60,0,1.01,ES,1643744273
marsh harbour,26.5412,-77.0636,68.07,54,99,15.14,BS,1643744129
kruisfontein,-34.0033,24.7314,74.88,71,99,4.72,ZA,1643744273
bitung,1.4451,125.1824,76.05,84,100,8.9,ID,1643744273
hay river,60.8156,-115.7999,-20.22,63,0,9.22,CA,1643744274
reyes,-14.3167,-67.3833,77.16,94,100,6.91,BO,1643744274
shu,43.5983,73.7614,33.22,72,0,2.71,KZ,1643744274
zatoka,46.0725,30.4654,32.54,77,100,8.1,UA,1643744274
linguere,15.3953,-15.1193,86.07,10,99,10.76,SN,1643744197
carlagan,14.975,122.0456,76.35,78,100,16.37,PH,1643744275
palamos,41.8484,3.1291,61.11,72,3,7.65,ES,1643744275
turayf,31.6725,38.6637,50.25,66,40,9.22,SA,1643744275
tabuk,17.4189,121.4443,68.81,89,90,2.93,PH,1643744276
kalmar,56.6616,16.3616,34.14,97,100,4.61,SE,1643744276
lundazi,-12.2929,33.1782,64.36,94,8,6.06,ZM,1643744276
clyde river,70.4692,-68.5914,-19.97,63,100,4.61,CA,1643744276
nishihara,26.1842,127.7558,63.68,86,75,10.36,JP,1643744277
samarai,-10.6167,150.6667,80.74,79,100,12.71,PG,1643744277
iqaluit,63.7506,-68.5145,-18.31,75,100,0,CA,1643744277
coro,11.4045,-69.6734,84.74,62,32,21.79,VE,1643744277
boden,65.8252,21.6886,6.8,95,100,5.95,SE,1643744278
bengkulu,-3.8004,102.2655,73.35,87,100,6.67,ID,1643744278
diamantino,-14.4086,-56.4461,76.55,86,94,8.63,BR,1643744278
graaff-reinet,-32.2522,24.5308,75.92,70,100,9.53,ZA,1643744339
tarashcha,49.5583,30.4926,18.28,94,43,6.49,UA,1643744339
aksu,41.1231,80.2644,23.16,51,0,0.6,CN,1643744339
sioux lookout,50.1001,-91.917,17.67,79,100,20.71,CA,1643744339
tautira,-17.7333,-149.15,84.22,77,24,20.96,PF,1643744340
demerval lobao,-5.3583,-42.6764,90.81,52,23,2.66,BR,1643744340
healdsburg,38.6105,-122.8692,61.92,24,0,3,US,1643744340
mweka,-4.85,21.5667,74.88,73,93,1.63,CD,1643744340
minab,27.1467,57.0801,69.3,83,0,3.44,IR,1643744341
tovuz,40.9922,45.6289,45.39,43,15,5.91,AZ,1643744341
puerto colombia,10.9878,-74.9547,87.89,74,3,21.99,CO,1643744333
veriora,58.0079,27.3551,22.89,98,84,3.36,EE,1643744341
turukhansk,65.8167,87.9833,8.22,94,99,9.06,RU,1643744342
wonthaggi,-38.6044,145.5913,59.72,59,92,14.94,AU,1643744342
nikolsk,53.7189,46.0712,25.29,93,99,13.87,RU,1643744342
bonnyville,54.2668,-110.735,-6.48,86,92,12.01,CA,1643744343
iwanai,42.9744,140.5089,25.45,78,100,8.5,JP,1643744343
puerto escondido,15.85,-97.0667,86.83,62,0,16.11,MX,1643744343
walvis bay,-22.9575,14.5053,70.09,79,35,5.21,NA,1643744344
buraydah,26.326,43.975,52.25,36,0,8.25,SA,1643744344
port-cartier,50.0334,-66.8654,8.74,80,100,3.13,CA,1643744344
miranda,3.2499,-76.2281,84.65,68,63,1.3,CO,1643744344
lauria,40.0465,15.8358,36.61,68,41,9.08,IT,1643744345
sabha,27.0377,14.4283,55.74,19,9,10.38,LY,1643744345
kishni,27.0247,79.2634,54.37,72,0,6.62,IN,1643744345
lima,-12.0432,-77.0282,78.39,82,0,3,PE,1643744212
salina cruz,16.1667,-95.2,83.37,64,1,16.24,MX,1643744345
romitan,39.9343,64.3814,44.55,76,0,6.91,UZ,1643744346
lityn,49.3251,28.0809,18.99,94,100,6.58,UA,1643744346
tres arroyos,-38.3739,-60.2798,91.53,20,36,14.14,AR,1643744346
tacuarembo,-31.7333,-55.9833,91.62,24,0,11.23,UY,1643744347
lahaina,20.8783,-156.6825,78.8,69,3,7.27,US,1643744106
banda aceh,5.5577,95.3222,77.56,79,30,3.98,ID,1643744347
mastic beach,40.7668,-72.8521,38.12,66,100,1.01,US,1643744347
caronport,50.4501,-105.8179,-4.32,90,52,13.56,CA,1643744347
fare,-16.7,-151.0167,80.76,76,0,20.89,PF,1643744348
prince rupert,54.3161,-130.3201,35.29,93,20,6.91,CA,1643744348
ambon,-3.6954,128.1814,80.74,78,40,6.91,ID,1643744348
campo de criptana,39.4046,-3.1249,47.17,66,0,10.18,ES,1643744349
humberto de campos,-2.5983,-43.4611,83.23,67,92,9.69,BR,1643744349
svetlyy,54.675,20.1347,32.05,98,100,13.58,RU,1643744349
sendai,38.2689,140.8719,29.34,77,78,6.29,JP,1643744349
san jeronimo,-11.9472,-75.2829,53.87,80,100,5.3,PE,1643744350
lagoa,39.05,-27.9833,58.48,76,41,17.27,PT,1643744350
hambantota,6.1241,81.1185,73.15,80,1,13.35,LK,1643744222
abha,18.2164,42.5053,57.02,82,0,0,SA,1643744410
tomatlan,19.9333,-105.25,90.99,20,0,11.79,MX,1643744410
rockport,28.0206,-97.0544,73.24,78,20,1.99,US,1643744411
taltal,-25.4,-70.4833,69.15,68,19,5.59,CL,1643744411
kiama,-34.6833,150.8667,72,91,100,15.43,AU,1643744202
atasu,48.6814,71.6433,5.38,87,96,5.88,KZ,1643744411
berbera,10.4396,45.0143,77.49,81,16,6.82,SO,1643744412
karlskoga,59.3267,14.5239,25.92,79,97,8.5,SE,1643744412
puerto madryn,-42.7692,-65.0385,80.28,34,6,4.45,AR,1643744257
bialystok,53.1333,23.15,30.2,85,100,3,PL,1643744351
luwuk,-0.9516,122.7875,77.29,76,100,4.88,ID,1643744412
rocha,-34.4833,-54.3333,77,40,0,5.66,UY,1643744413
baykit,61.67,96.37,-10.97,100,100,0.69,RU,1643744413
kayerkan,69.3497,87.7602,3.52,84,100,6.62,RU,1643744413
belmonte,-15.8631,-38.8828,86.5,72,2,9.26,BR,1643744413
moissala,8.3404,17.7663,74.88,15,60,5.01,TD,1643744414
caledon,-34.23,19.4265,68.16,67,24,1.61,ZA,1643744414
cumana,10.4635,-64.1775,80.49,73,56,13.62,VE,1643744414
vilcun,-38.65,-72.2333,75.94,26,0,6.73,CL,1643744414
altay,47.8667,88.1167,11.97,79,100,3.36,CN,1643744415
bandar,2.05,99.75,71.76,97,100,2.71,ID,1643744415
eidfjord,60.4675,7.0719,28.6,97,97,1.28,NO,1643744415
mirnyy,62.5353,113.9611,-33.02,100,21,3.65,RU,1643744416
panaba,21.2833,-88.2667,84.51,42,39,10.09,MX,1643744416
tavricheskoye,54.5851,73.6395,2.3,100,98,4.74,RU,1643744416
warrnambool,-38.3833,142.4833,53.82,56,65,13.85,AU,1643744416
bardiyah,31.7561,25.0865,57.15,53,100,21.12,LY,1643744417
ukiah,39.1502,-123.2078,58.44,40,0,5.75,US,1643744417
padre bernardo,-15.35,-48.5,77.4,80,82,4.81,BR,1643744417
sobolevo,54.4299,31.8996,14.7,97,100,8.1,RU,1643744417
dehloran,32.6941,47.2679,52.36,63,0,3.89,IR,1643744418
kharp,66.8014,65.8081,-14.85,100,89,1.3,RU,1643744418
moshi,-3.35,37.3333,71.06,76,100,1.88,TZ,1643744418
palencia,42.4167,-4.5,42.93,83,0,8.7,ES,1643744419
drayton valley,53.2168,-114.9854,-2.09,73,100,10.85,CA,1643744419
ucluelet,48.9329,-125.5528,39.09,90,78,1.01,CA,1643744323
petukhovo,55.0692,67.9019,8.33,98,79,7.7,RU,1643744419
calvinia,-31.4707,19.776,75.87,58,100,5.84,ZA,1643744419
nanton,50.3501,-113.7687,4.87,68,100,9.84,CA,1643744420
bekhtery,46.251,32.2927,37,87,100,4.32,UA,1643744420
saint george,37.1041,-113.5841,52.27,26,0,3,US,1643744420
mount pleasant,32.7941,-79.8626,63.09,58,0,1.01,US,1643744421
carutapera,-1.195,-46.02,80.19,84,90,9.13,BR,1643744421
helong,42.5397,128.9972,4.82,89,20,5.37,CN,1643744421
port-gentil,-0.7193,8.7815,80.82,81,86,11.39,GA,1643744422
gorontalo,0.5412,123.0595,73.04,94,82,3.8,ID,1643744422
salinopolis,-0.6136,-47.3561,81.27,79,79,11.83,BR,1643744422
moroni,-11.7022,43.2551,80.47,78,100,2.13,KM,1643744482
demirci,39.0461,28.6589,35.58,90,96,7.67,TR,1643744483
salinas,36.6777,-121.6555,59.18,41,0,9.22,US,1643744400
cairns,-16.9167,145.7667,79.07,97,94,1.14,AU,1643744377
jiblah,13.9216,44.1467,58.5,78,31,1.83,YE,1643744483
oranjestad,12.524,-70.027,82.35,74,75,17.27,AW,1643744392
sao filipe,14.8961,-24.4956,75.07,73,100,5.53,CV,1643744483
vardo,70.3705,31.1107,15.55,92,0,3.44,NO,1643744484
cap malheureux,-19.9842,57.6142,81.09,86,100,15.01,MU,1643744484
luderitz,-26.6481,15.1594,65.28,87,46,7.29,NA,1643744484
leninskoye,41.7589,69.3864,35.53,37,53,4.16,KZ,1643744485
labuan,5.2767,115.2417,79.16,83,20,3,MY,1643744485
biak,-0.9131,122.8766,76.68,77,100,4.79,ID,1643744262
rusape,-18.5278,32.1284,63.21,93,15,4.74,ZW,1643744485
narasannapeta,18.4167,84.05,69.44,81,0,3.74,IN,1643744485
hazorasp,41.3194,61.0742,30.04,79,100,7.78,UZ,1643744486
chadiza,-14.0678,32.4392,65.16,97,19,2.51,ZM,1643744486
sept-iles,50.2001,-66.3821,9.05,52,75,4.61,CA,1643744404
rampura,30.25,75.2333,49.03,70,0,4.03,IN,1643744486
berdigestyakh,62.0989,126.6992,-18.67,95,100,8.05,RU,1643744486
broken hill,-31.95,141.4333,58.71,58,100,16.11,AU,1643744195
lasa,46.6166,10.7002,40.91,94,100,8.21,IT,1643744487
sorland,67.667,12.6934,28.47,56,100,21.25,NO,1643744487
richards bay,-28.783,32.0377,77.63,80,100,11.86,ZA,1643744487
athabasca,54.7169,-113.2854,-2.38,80,67,14.18,CA,1643744488
newport,51.5877,-2.9984,54.55,83,100,12.39,GB,1643744467
buala,-8.145,159.5921,80.74,84,100,6.4,SB,1643744488
macusani,-14.0833,-70.4333,40.14,94,100,5.41,PE,1643744488
bayanday,53.0661,105.5139,-11.47,100,95,0.58,RU,1643744488
naze,28.3667,129.4833,55.63,71,100,10.74,JP,1643744489
sinop,41.7711,34.8709,32.4,88,98,14.45,TR,1643744489
christiana,-27.914,25.1611,75.61,47,93,6.8,ZA,1643744489
cookeville,36.1628,-85.5016,62.31,23,0,13.8,US,1643744489
san martin,-33.081,-68.4681,93.74,23,24,7.18,AR,1643744447
opuwo,-18.0607,13.84,69.12,41,90,7.02,NA,1643744490
yermolayevo,52.7167,55.8,26.78,96,100,13.98,RU,1643744490
kununurra,-15.7667,128.7333,78.78,89,75,10.36,AU,1643744428
xining,36.6167,101.7667,12.2,73,88,2.08,CN,1643744490
katete,-0.7818,29.7544,65.79,60,100,3.11,UG,1643744491
bontang,0.1333,117.5,77.43,88,85,9.55,ID,1643744491
el tigre,8.8875,-64.2454,90.5,36,42,15.05,VE,1643744491
pa sang,18.5262,98.9394,64.11,39,41,1.3,TH,1643744491
lorengau,-2.0226,147.2712,78.55,80,100,3.76,PG,1643744492
darhan,49.4867,105.9228,-12.19,96,79,5.01,MN,1643744492
prince albert,53.2001,-105.7677,-5.85,59,20,16.11,CA,1643744492
tulu bolo,8.6667,38.2167,59.11,37,68,7.78,ET,1643744492
the pas,53.8251,-101.2541,-9.38,64,0,17.27,CA,1643744493
faya,18.3851,42.4509,57.31,70,5,6.93,SA,1643744493
mildura,-34.2,142.15,57.16,58,2,10.36,AU,1643744351
lulea,65.5842,22.1547,6.87,85,75,5.75,SE,1643744493
murgab,37.4966,61.9714,55.27,41,100,13.8,TM,1643744554
ilheus,-14.7889,-39.0494,87.62,66,20,10.36,BR,1643744554
greymouth,-42.4667,171.2,63.07,95,100,11.95,NZ,1643744554
zhigansk,66.7697,123.3711,-28.35,99,90,9.33,RU,1643744554
adrar,20.5022,-10.0711,76.68,14,97,11.34,MR,1643744555
paredon,16.0333,-93.8667,83.53,59,9,11.43,MX,1643744555
passo de camaragibe,-9.2368,-35.4901,89.15,68,44,7.2,BR,1643744555
mokhsogollokh,61.4681,128.9203,-14.4,94,100,7.9,RU,1643744555
road town,18.4167,-64.6167,82.44,69,40,9.22,VG,1643744556
mitu,1.1983,-70.1733,92.82,33,100,4.7,CO,1643744556
tadine,-21.55,167.8833,78.6,86,34,9.26,NC,1643744556
kingsville,27.5159,-97.8561,74.05,62,40,1.99,US,1643744556
alberdi,-32.8899,-60.6906,95.04,35,0,8.05,AR,1643744557
verkhoyansk,67.5447,133.385,-16.94,97,100,0.51,RU,1643744382
bilibino,68.0546,166.4372,5.59,65,100,5.68,RU,1643744557
ponta delgada,37.7333,-25.6667,60.49,77,40,5.75,PT,1643744557
ngunguru,-35.6167,174.5,72.16,82,100,17.78,NZ,1643744558
meulaboh,4.1363,96.1285,75.31,89,96,5.19,ID,1643744558
tilichiki,60.4667,166.1,15.31,93,100,9.8,RU,1643744420
landeck,47.1301,10.5636,31.75,96,100,4.99,AT,1643744558
lengshuijiang,27.6881,111.4294,35.44,97,100,5.97,CN,1643744558
anadyr,64.75,177.4833,16.3,62,0,17.9,RU,1643744454
mwense,-10.3845,28.698,66.54,96,85,2.08,ZM,1643744559
marion,39.7684,-86.1555,61.18,41,75,19.57,US,1643744529
katherine,-14.4667,132.2667,77.32,78,66,9.22,AU,1643744399
fort thomas,39.0751,-84.4472,60.04,37,0,11.5,US,1643744559
mayo,38.8876,-76.5119,44.91,62,0,1.99,US,1643744552
avera,33.194,-82.5271,64.44,46,0,10.22,US,1643744559
uruzgan,32.8333,66,40.28,58,97,1.61,AF,1643744560
dafeng,23.4517,108.5881,45.14,87,100,4.68,CN,1643744560
sambava,-14.2667,50.1667,76.62,83,58,8.5,MG,1643744460
port lincoln,-34.7333,135.8667,60.66,56,52,17.87,AU,1643744560
west bay,19.3667,-81.4167,80.67,81,40,4,KY,1643744561
havelock,34.8791,-76.9013,57.06,51,8,3,US,1643744561
mingaora,34.7758,72.3625,43.11,48,2,6.8,PK,1643744322
payakumbuh,-0.2202,100.6308,69.82,98,100,2.71,ID,1643744561
pangnirtung,66.1451,-65.7125,-27.4,68,20,2.3,CA,1643744534
kenai,60.5544,-151.2583,20.03,83,100,24.16,US,1643744561
waipawa,-41.4122,175.5153,67.93,63,100,7.07,NZ,1643744562
pionerskiy,54.9508,20.2275,31.84,86,100,15.05,RU,1643744562
alegrete,-29.7831,-55.7919,98.82,19,0,4.18,BR,1643744562
chapais,49.7834,-74.8492,15.58,81,100,17.34,CA,1643744515
acopiara,-6.0953,-39.4525,89.64,32,81,6.51,BR,1643744562
channel-port aux basques,47.5702,-59.1367,19.87,66,95,18.41,CA,1643744563
panuco,22.05,-98.1667,77.04,47,11,4.29,MX,1643744563
oistins,13.0667,-59.5333,84.29,61,40,14.97,BB,1643744563
saint joseph,39.7686,-94.8466,45.32,54,75,17.27,US,1643744564
bonavista,48.6499,-53.1147,28.11,55,94,18.63,CA,1643744564
mogadishu,2.0371,45.3438,78.39,87,100,20.13,SO,1643744624
lesogorsk,56.0458,99.5136,-8.55,100,89,1.3,RU,1643744624
saint-joseph,-21.3667,55.6167,79.16,92,82,22.28,RE,1643744625
hemsedal,60.8629,8.5534,21.33,97,100,2.77,NO,1643744625
olafsvik,64.8945,-23.7142,31.5,87,100,4.76,IS,1643744455
espelkamp,52.3833,8.6167,46.31,85,76,22.32,DE,1643744625
inirida,3.8653,-67.9239,98.08,27,26,2.19,CO,1643744625
isfana,39.8386,69.5306,27.16,42,99,7.56,KG,1643744626
varzea da palma,-17.5981,-44.7308,79.32,75,100,2.46,BR,1643744626
shelburne,44.0787,-80.2041,36.12,70,100,18.14,CA,1643744626
hit,33.6416,42.8251,50.38,64,0,3.09,IQ,1643744627
raton,36.9034,-104.4391,41.05,32,0,1.01,US,1643744627
cibitoke,-2.8833,29.25,60.94,91,100,2.73,BI,1643744627
brewster,41.3973,-73.6171,37.27,59,40,1.01,US,1643744627
chuy,-33.6971,-53.4616,73.63,45,0,8.72,UY,1643744628
ciudad guayana,8.3533,-62.6528,87.53,65,100,8.3,VE,1643744628
bichena,10.45,38.2,59.76,45,60,2.75,ET,1643744628
sechura,-5.5569,-80.8222,82.89,53,7,16.02,PE,1643744628
beringovskiy,63.05,179.3167,-1.21,84,100,13.96,RU,1643744391
smithers,54.7804,-127.1743,19.72,73,75,2.3,CA,1643744450
bilma,18.6853,12.9164,59.34,20,0,6.17,NE,1643744629
nieuw amsterdam,5.8833,-55.0833,87.96,66,20,11.5,SR,1643744629
tombouctou,20,-3,72.59,14,44,11.03,ML,1643744629
sibu,2.3,111.8167,75.51,94,40,0,MY,1643744629
college,64.8569,-147.8028,-0.74,74,20,3.44,US,1643744630
waingapu,-9.6567,120.2641,77.47,83,10,8.55,ID,1643744630
issoire,45.55,3.25,45.66,95,100,1.92,FR,1643744630
beboto,8.2668,16.939,72.14,16,26,4.25,TD,1643744631
marzuq,14.4,46.4667,64.49,76,39,5.44,YE,1643744631
honiara,-9.4333,159.95,79.02,86,95,3.4,SB,1643744365
sorong,-0.8833,131.25,79.56,75,100,5.26,ID,1643744631
sao jose da coroa grande,-8.8978,-35.1478,82.31,70,14,8.25,BR,1643744631
miri,4.4148,114.0089,77.14,100,40,0,MY,1643744632
touros,-5.1989,-35.4608,86.9,70,49,12.8,BR,1643744632
pacific grove,36.6177,-121.9166,58.77,44,0,1.99,US,1643744632
port augusta,-32.5,137.7667,60.94,50,100,16.69,AU,1643744633
gemlik,40.4309,29.1597,52.84,82,98,6.78,TR,1643744334
lerwick,60.1545,-1.1494,39.2,68,100,29.08,GB,1643744633
olecko,54.0337,22.507,28.54,97,100,8.5,PL,1643744633
nhulunbuy,-12.2333,136.7667,77.61,94,100,4.61,AU,1643744533
